,User,Compound,Positive,Neutral,Negative,Tweet Count
0,@BBC,0.09525300000000002,0.08761000000000001,0.054799999999999995,0.8575800000000001,100
1,@CBS,0.248885,0.14218000000000003,0.01983,0.8380099999999999,100
2,@CNN,-0.07361200000000001,0.06953999999999999,0.09812000000000001,0.8323100000000001,100
3,@FoxNews,-0.034373,0.06397000000000001,0.08622000000000002,0.8498100000000001,100
4,@nytimes,-0.038709000000000014,0.05774,0.07485,0.8674,100
